{"cameraMode":{"drawMode":0,"name":"Shaded","section":"Shading Mode"},"sceneLighting":false,"audioPlay":false,"sceneViewState":{"m_AlwaysRefresh":false,"showFog":true,"showSkybox":false,"showFlares":true,"showImageEffects":true,"showParticleSystems":true,"showVisualEffectGraphs":true,"m_FxEnabled":true},"in2DMode":false,"pivot":{"x":-7.065788269042969,"y":0.8466602563858032,"z":-906.227294921875},"rotation":{"x":-0.002565535018220544,"y":0.5185040235519409,"z":0.0015553601551800967,"w":0.8550710082054138},"size":1.5752055644989014,"orthographic":false}