{"cameraMode":{"drawMode":0,"name":"Shaded","section":"Shading Mode"},"sceneLighting":true,"audioPlay":false,"sceneViewState":{"m_AlwaysRefresh":false,"showFog":true,"showSkybox":true,"showFlares":true,"showImageEffects":true,"showParticleSystems":true,"showVisualEffectGraphs":true,"m_FxEnabled":true},"in2DMode":false,"pivot":{"x":-1.4642314910888672,"y":1.61704421043396,"z":2.6845827102661135},"rotation":{"x":0.0785030871629715,"y":0.1507362425327301,"z":0.012010546401143074,"w":-0.9853827357292175},"size":2.9326045513153078,"orthographic":false}